item_id,category,qty,reference,part,package_footprint,preferred_example,function,required_for_first_build,notes
MECH-001,Mechanical,1,PCB/Card,100-pin edge-compatible wire-wrap or vector card,Custom card-edge vector card,Custom or donor-format card,Main carrier that plugs into XA5,yes,"Must match HP slot thickness, insertion depth, and edge finger geometry"
MECH-002,Mechanical,1,Edge fingers,100-pin card-edge finger pattern,Custom card edge,Donor board or fabricated fingers,Electrical connection to A1 XA5 slot,yes,"Critical mechanical constraint"
MECH-003,Mechanical,4,Standoffs,Card support standoffs,Hardware,Generic nylon or metal standoffs,Support free end of card,no,Recommended if card is heavy or repeatedly inserted
MECH-004,Mechanical,1,Bench interface,Extender or sacrificial slot setup,Fixture,Homemade or salvaged bench adapter,Safer bench bring-up,no,Helpful but not required
CTRL-001,Controller,1,U1,ATmega328P-PU,DIP-28,Microchip ATmega328P-PU,Main MCU for scan generation and key decoding,yes,Chosen for through-hole friendliness
CTRL-002,Controller,1,U1 socket,28-pin wire-wrap machine-pin socket,DIP-28 socket,Wire-wrap DIP socket,Socket for MCU,yes,Strongly recommended
CTRL-003,Controller,1,Y1,16 MHz crystal or resonator,HC49/U THT or 3-pin resonator,16 MHz crystal or resonator,Stable timing source,no,Internal oscillator acceptable for earliest bring-up
CTRL-004,Controller,2,Cxtal,22 pF capacitors,Ceramic radial/disc,22 pF ceramic,Crystal load caps if crystal used,no,Only with crystal
CTRL-005,Controller,1,SW_RESET,Reset pushbutton,THT tact switch,6 mm tact switch,Manual reset for firmware work,yes,Simple convenience item
CTRL-006,Controller,1,R_RESET,10k resistor,Axial 1/4W,10k 1/4W pull-up,Holds RESET inactive,yes,
CTRL-007,Controller,1,J_ISP,AVR ISP header,2x3 0.1-inch header,Generic header,Firmware programming and recovery,yes,
CTRL-008,Controller,1,J_UART,UART/debug header,1x4 or 1x6 0.1-inch header,Generic header,Serial debug output,yes,Can be larger if you want extra signals
SCAN-001,Scan logic,1,U2,74LS138,DIP-16,74LS138 1-of-8 decoder,Row decode for SCAN A-C,yes,Use 74LS family only
SCAN-002,Scan logic,1,U2 socket,16-pin wire-wrap socket,DIP-16 socket,Wire-wrap DIP socket,Socket for decoder,yes,
SCAN-003,Scan logic,8,Q1-Q8,2N3904 or 2N2222A,TO-92,2N3904,Row driver/sink transistors,no,"Useful for fuller pulse-drive stage; can omit in absolute first revision"
SCAN-004,Scan logic,8,RB_Q,2.2k base resistors,Axial 1/4W,2.2k 1/4W resistor,Limits base current to row drivers,no,Value can be adjusted
SCAN-005,Scan logic,8,RBIAS_Q,10k bias resistors,Axial 1/4W,10k 1/4W resistor,Defines transistor idle state,no,Topology-dependent
SCAN-006,Scan logic,1,C_PULSE,Pulse-shaping capacitor,Ceramic radial/disc,470 pF to 4.7 nF,Shapes row excitation pulse,no,Tuning part
SCAN-007,Scan logic,1,R_PULSE,Pulse-path resistor,Axial 1/4W,100 ohm to 4.7k,Works with pulse capacitor and row network,no,Tuning part
SENSE-001,Sense front end,2,U3-U4,LM339AN comparator,DIP-14,LM339AN,Converts KS pulses into thresholded events,yes,Preferred comparator choice
SENSE-002,Sense front end,2,U3-U4 sockets,14-pin wire-wrap sockets,DIP-14 socket,Wire-wrap DIP socket,Sockets for comparators,yes,
SENSE-003,Sense front end,6,R_KS_IN,4.7k input series resistors,Axial 1/4W,4.7k 1/4W resistor,Protects and conditions KS inputs,yes,One per used KS line
SENSE-004,Sense front end,12,D_KS_CLAMP,1N4148,DO-35,1N4148,Clamp/protection diodes for KS inputs,no,Two per line if full clamp network used
SENSE-005,Sense front end,1,RV_THRESH,10k or 20k trimmer,THT trimmer pot,10k trim pot,Adjustable comparator threshold,yes,Very helpful during tuning
SENSE-006,Sense front end,6,R_PULLUP_CMP,10k pull-up resistors,Axial 1/4W,10k 1/4W resistor,Pull-ups for LM339 open-collector outputs,yes,
LOGIC-001,Logic cleanup,1,U5,74LS14,DIP-14,74LS14 Schmitt inverter,Cleans comparator outputs for MCU capture,yes,Very useful on wire-wrap builds
LOGIC-002,Logic cleanup,1,U5 socket,14-pin wire-wrap socket,DIP-14 socket,Wire-wrap DIP socket,Socket for Schmitt IC,yes,
LOGIC-003,Logic cleanup,1,U6,74LS123,DIP-16,74LS123 monostable,Optional pulse stretching/noise hardening,no,Firmware may make it unnecessary
LOGIC-004,Logic cleanup,1,U6 socket,16-pin wire-wrap socket,DIP-16 socket,Wire-wrap DIP socket,Socket for optional monostable,no,
BUS-001,Optional bus output,1,U7,74LS245,DIP-20,74LS245,Optional buffered output / future bus emulation,no,Do not populate until scanner works
BUS-002,Optional bus output,1,U7 socket,20-pin wire-wrap socket,DIP-20 socket,Wire-wrap DIP socket,Socket for bus transceiver,no,
BUS-003,Optional bus output,1,U8,74LS373 or 74LS574,DIP-20,74LS373 or 74LS574,Optional output latch for stable bus code,no,Only if latched output is needed
BUS-004,Optional bus output,1,U8 socket,20-pin wire-wrap socket,DIP-20 socket,Wire-wrap DIP socket,Socket for optional latch,no,
PWR-001,Power,1,D_PWR,1N5819 Schottky diode,DO-41,1N5819,Input protection / isolation,yes,Optional in theory but recommended in practice
PWR-002,Power,1,F1,Fuse or resettable polyfuse,Axial fuse or radial PTC,Small fuse or polyfuse,Protects experimental card and host,yes,Strongly recommended
PWR-003,Power,1,C_BULK1,Input bulk capacitor,Radial electrolytic,47 uF electrolytic,Local supply smoothing,yes,
PWR-004,Power,1,C_BULK2,Logic bulk capacitor,Radial electrolytic,10 uF electrolytic,Local transient support,yes,
PWR-005,Power,10,C_DEC,0.1 uF decoupling capacitors,Ceramic radial/disc,100 nF ceramic,Local IC decoupling,yes,One per IC minimum
PWR-006,Power,1,U9,3.3 V regulator,TO-92 or TO-220 or SOT-223 adapter,MCP1700-3302 or LM1117-3.3,Only needed for 3.3 V MCU,no,Avoid by choosing 5 V MCU
PASS-001,Passives,10,R220,220 ohm resistors,Axial 1/4W,220 ohm 1/4W,General tuning and protection,no,Assortment item
PASS-002,Passives,10,R470,470 ohm resistors,Axial 1/4W,470 ohm 1/4W,SCAN series resistors and misc,no,Assortment item
PASS-003,Passives,20,R1K,1k resistors,Axial 1/4W,1k 1/4W,Protection and general logic,no,Assortment item
PASS-004,Passives,20,R2K2,2.2k resistors,Axial 1/4W,2.2k 1/4W,Base resistors and misc,no,Assortment item
PASS-005,Passives,30,R4K7,4.7k resistors,Axial 1/4W,4.7k 1/4W,Comparator inputs and pull-ups,yes,Assortment item
PASS-006,Passives,30,R10K,10k resistors,Axial 1/4W,10k 1/4W,Pull-ups pull-downs thresholding,yes,Assortment item
PASS-007,Passives,10,R22K,22k resistors,Axial 1/4W,22k 1/4W,Threshold network tuning,no,Assortment item
PASS-008,Passives,10,R47K,47k resistors,Axial 1/4W,47k 1/4W,Threshold network tuning,no,Assortment item
PASS-009,Passives,10,R100K,100k resistors,Axial 1/4W,100k 1/4W,Timing and bias experiments,no,Assortment item
PASS-010,Passives,10,C100P,100 pF capacitors,Ceramic radial/disc,100 pF ceramic,Timing experiments,no,Assortment item
PASS-011,Passives,10,C470P,470 pF capacitors,Ceramic radial/disc,470 pF ceramic,Timing experiments,no,Assortment item
PASS-012,Passives,10,C1N,1 nF capacitors,Ceramic radial/disc,1 nF ceramic,Timing experiments,no,Assortment item
PASS-013,Passives,10,C4N7,4.7 nF capacitors,Ceramic radial/disc,4.7 nF ceramic,Timing experiments,no,Assortment item
PASS-014,Passives,10,C10N,10 nF capacitors,Ceramic radial/disc,10 nF ceramic,Filtering and timing,no,Assortment item
PASS-015,Passives,10,C1U,1 uF capacitors,Radial electrolytic or film,1 uF capacitor,Timing and local decoupling,no,Assortment item
PASS-016,Passives,10,C10U,10 uF capacitors,Radial electrolytic,10 uF capacitor,Bulk and timing,yes,Assortment item
PASS-017,Passives,10,C47U,47 uF capacitors,Radial electrolytic,47 uF capacitor,Bulk smoothing,yes,Assortment item
DIO-001,Diodes,20,DGEN,1N4148,DO-35,1N4148,General-purpose signal and clamp diodes,yes,"Cheap, versatile, and likely to be used liberally"
DBG-001,Headers,1,J_DBG_SERIAL,Serial/debug header,0.1-inch THT header,1x4 or 1x6 header,Bring-up and firmware logging,yes,
DBG-002,Headers,1,J_DBG_LOGIC,Logic observation header,0.1-inch THT header,1x10 or similar header,Expose SCAN and KS signals,yes,Can also be implemented as individual test posts
DBG-003,Headers,20,TP,Test posts or loops,THT loop post or turret post,Generic test posts,Scope and meter attachment points,yes,More is better on experimental card
WW-001,Wire-wrap supplies,1,WIRE,30 AWG wire-wrap wire,N/A,Kynar 30 AWG wire-wrap wire,Primary wiring medium,yes,Use multiple colors if possible
WW-002,Wire-wrap supplies,1,TOOL,Wire-wrap tool,N/A,Manual or powered wire-wrap tool,Proper wraps on square posts,yes,
WW-003,Wire-wrap supplies,1,SOCKET_SET,Set of wire-wrap DIP sockets,Mixed DIP socket set,Machine-pin wire-wrap sockets,Proper foundation for all DIP ICs,yes,Do not improvise with low-quality stamped sockets
INST-001,Instrumentation,1,SCOPE,Oscilloscope,N/A,Any decent bench scope,Observe SCAN and KS pulse behavior,yes,Not part of card but effectively mandatory
INST-002,Instrumentation,1,DMM,Digital multimeter,N/A,Generic DMM,Continuity and DC verification,yes,
INST-003,Instrumentation,1,PSU,Bench supply with current limit,N/A,Generic bench supply,Safer initial power-up,yes,
INST-004,Instrumentation,1,LA,Logic analyzer,N/A,Optional analyzer,Helpful for firmware and timing debug,no,
