line_item,mouser_no,mfr_no,manufacturer,description,order_qty,price_eur,extended_eur
1,517-3365/40FT,3365/40-CUT-LENGTH,3M,Flat Cables .050 40 COND. 28AWG ROUND 1PC=1FT,3,"0,774 €","2,32 €"
2,517-228-1290-00,228-1290-00-0602J,3M,"IC & Component Sockets 0.070"" DIP SOCKET 28 Contact Qty.",6,"25,97 €","155,82 €"
3,913-AS6C6264-55PCN,AS6C6264-55PCN,Alliance Memory,"SRAM 64K, 2.7-5.5V, 55ns 8K x 8 Asynch SRAM",6,"7,57 €","45,42 €"
4,774-1958MST,195-8MST,CTS,"DIP Switches/SIP Switches DIP switches/SIP switches, SPST, PIANO, 8 POS, Thru-Hole, TAPE SEALED, TUBE, OFF",10,"1,06 €","10,60 €"
5,611-BPA08B,BPA08B,C&K Switches,DIP Switches/SIP Switches SIDE ACT 8 POS,2,"3,62 €","7,24 €"
6,556-AT28C64B15PU,AT28C64B-15PU,Microchip,EEPROM 64K 8K x 8 150 ns 4.5V-5.5V,10,"4,73 €","47,30 €"
7,200-ESW12044TD,ESW-120-44-T-D,Samtec,PC/104 Connectors .100 Elevated Socket Strip,2,"4,12 €","8,24 €"
8,556-AT28C25615PU,AT28C256-15PU,Microchip,EEPROM 256K 32K x 8 150 ns 4.5V-5.5V,5,"10,64 €","53,20 €"
9,595-SN74LS32N,SN74LS32N,Texas Instruments,Logic Gates Quad 2-Input,10,"0,511 €","5,11 €"
10,595-SN74LS85N,SN74LS85N,Texas Instruments,Logic Comparators 4-bit binary or BCD Magnitude Comparator,10,"1,44 €","14,40 €"
11,595-SN74LS86AN,SN74LS86AN,Texas Instruments,Logic Gates Quad 2 Input,10,"0,526 €","5,26 €"
12,595-SN74LS164N,SN74LS164N,Texas Instruments,Counter Shift Registers 8-Bit Shift,10,"0,607 €","6,07 €"
13,595-SN74LS273N,SN74LS273N,Texas Instruments,Flip-Flops Octal,10,"0,837 €","8,37 €"
14,595-SN74LS245N,SN74LS245N,Texas Instruments,Bus Transceivers Octal Bus,20,"0,828 €","16,56 €"
15,595-SN74LS138N,SN74LS138N,Texas Instruments,"Encoders, Decoders, Multiplexers & Demultiplexers Line Decoder",10,"0,577 €","5,77 €"
16,595-SN74LS139AN,SN74LS139AN,Texas Instruments,"Encoders, Decoders, Multiplexers & Demultiplexers Dual",10,"0,612 €","6,12 €"
17,575-1234762841001000,123-47-628-41-001000,Mill-Max,IC & Component Sockets STANDARD WIRE WRAP DIP SOCKET,10,"5,94 €","59,40 €"
18,571-5749180-1,5749180-1,TE Connectivity,Circular DIN Connectors 6P R/A W/ HOLDDOWN,4,"2,24 €","8,96 €"
19,595-LM339AN,LM339AN,Texas Instruments,Analog Comparators Quad Diff,25,"0,329 €","8,23 €"
20,652-MF-R050-AP,MF-R050-AP,Bourns,Resettable Fuses - PPTC PTC RESETTABLE 0.5A 60V RADIAL LEADED,20,"0,353 €","7,06 €"
21,652-MF-R110-AP,MF-R110-AP,Bourns,Resettable Fuses - PPTC PTC RESETTABLE 1.1A 30V RADIAL LEADED,10,"0,406 €","4,06 €"
22,652-MF-R075-AP,MF-R075-AP,Bourns,Resettable Fuses - PPTC PTC RESETTABLE 0.75A 60V RADIAL LEADED,20,"0,353 €","7,06 €"
23,80-C315C220J3G5TA,C315C220J3G5TA,KEMET,Multilayer Ceramic Capacitors MLCC - Leaded 25V 22pF C0G 5% LS=2.54mm,10,"0,193 €","1,93 €"
24,774-ATS16B-E,ATS16B-E,CTS,Crystals 16MHz 18pF 30ppm -40C 85C,5,"0,568 €","2,84 €"
25,637-1N5819,1N5819,Diotec Semiconductor,"Schottky Diodes & Rectifiers Schottky, DO-15, 40V, 1A",100,"0,094 €","9,40 €"
26,512-1N4148,1N4148,onsemi,Small Signal Switching Diodes 100V Io/200mA BULK,100,"0,032 €","3,20 €"
27,581-SR215C104KARAP1,SR215C104KARAP1,KYOCERA AVX,Multilayer Ceramic Capacitors MLCC - Leaded 50V 0.1uF X7R 10%RHS Long Leads 10%,100,"0,206 €","20,60 €"
28,667-ECE-A1EKS100,ECE-A1EKS100,Panasonic,Aluminium Electrolytic Capacitors - Radial Leaded 10UF 25V KS RADIAL,100,"0,089 €","8,90 €"
29,667-ECA-1HM470,ECA-1HM470,Panasonic,Aluminium Electrolytic Capacitors - Radial Leaded 47uF 50V,20,"0,189 €","3,78 €"
30,667-ECQ-E1105JFA,ECQ-E1105JFA,Panasonic,Film Capacitors 100VDC 1.0uF 5% MPET L/S=5mm,10,"0,738 €","7,38 €"
31,80-C315C101J3G5TA,C315C101J3G5TA,KEMET,Multilayer Ceramic Capacitors MLCC - Leaded 25V 100pF C0G 5% LS=2.54mm,10,"0,259 €","2,59 €"
32,80-C315C471K3G5TA,C315C471K3G5TA,KEMET,Multilayer Ceramic Capacitors MLCC - Leaded 25V 470pF C0G 10% LS=2.54mm,10,"0,19 €","1,90 €"
33,80-C315C102J3G5TA,C315C102J3G5TA,KEMET,Multilayer Ceramic Capacitors MLCC - Leaded 25V 1000pF C0G 5% LS=2.54mm,10,"0,193 €","1,93 €"
34,80-C320C472J5G5TA,C320C472J5G5TA,KEMET,Multilayer Ceramic Capacitors MLCC - Leaded 50V 4700pF C0G 5% LS=2.54mm,10,"0,342 €","3,42 €"
35,80-C315C103J3G5TA,C315C103J3G5TA,KEMET,Multilayer Ceramic Capacitors MLCC - Leaded 25V 0.01uF C0G 5% LS=2.54mm,10,"0,288 €","2,88 €"
36,652-3386P-1-103LF,3386P-1-103LF,Bourns,"Trimmer Resistors - Through Hole 3/8"" 10Kohms 10% 0.5Watts Square",10,"1,13 €","11,30 €"
37,511-USBLC6-2SC6,USBLC6-2SC6,STMicroelectronics,ESD Protection Diodes / TVS Diodes ESD Protection Low Cap,10,"0,206 €","2,06 €"
38,855-M20-9994045,M20-9994045,Harwin,Headers & Wire Housings M20 40 SIL HORIZONTAL PIN HEADER TIN,10,"1,44 €","14,40 €"
39,556-ATMEGA328P-PU,ATMEGA328P-PU,Microchip,8-bit Microcontrollers - MCU 32KB In-system Flash 20MHz 1.8V-5.5V,10,"2,49 €","24,90 €"
40,763-0116GZ-FSW-GBW,NHD-0116GZ-FSW-GBW,Newhaven Display,LCD Character Display Modules & Accessories STN- GRAY Transfl 151.0 x 40.0,3,"15,98 €","47,94 €"
41,179-PB5-M-R-R-67,PB5-M-R-R-67,Same Sky,"Pushbutton Switches - Industrial Push Button, SPST-NO, Off-(On) 12mm, Raised, Red, Panel Mount, IP67",1,"2,49 €","2,49 €"
42,179-PB5-M-BK-R-67,PB5-M-BK-R-67,Same Sky,"Pushbutton Switches - Industrial Push Button, SPST-NO, Off-(On) 12mm, Raised, Black, Panel Mount, IP67",2,"2,49 €","4,98 €"
43,179-PB4L-M-RR-D-67,PB4L-M-RR-D-67,Same Sky,"Pushbutton Switches - Industrial Push Button, SPST-NO, Off-(On) 12mm, Red Dome, Red Illuminated, Panel Mount, IP67",1,"2,12 €","2,12 €"
44,179-PTNS2-4515M-B10,PTNS2-4515M-B10,Same Sky,"Slide Potentiometers Slide pot, 45mm travel, 10K ohm, 15mm metal lever, linear",10,"1,38 €","13,80 €"
45,595-CD74HC4051E,CD74HC4051E,Texas Instruments,Multiplexer Switch ICs High Spd CMOS Analog,10,"0,641 €","6,41 €"
46,179-PTNS2-4515M-B01,PTNS2-4515M-B01,Same Sky,"Slide Potentiometers Slide pot, 45mm travel, 1K ohm, 15mm metal lever, linear",10,"1,38 €","13,80 €"
47,855-D0820-42,D0820-42,Harwin,IC & Component Sockets D08 20 WAY 3 LEVEL SIL WIRE WRAP IC SKT,20,"2,40 €","48,00 €"
48,392-100865,555035,Soldered,"Jumper Wires MALE-FEMALE, CABLES, 40, PIECES, set, kit",2,"3,23 €","6,46 €"
49,595-LM324AN,LM324AN,Texas Instruments,Operational Amplifiers - Op Amps Quad General,25,"0,287 €","7,18 €"
50,71-RN60D3300F,RN60D3300FB14,Vishay,Metal Film Resistors - Through Hole 1/4watt 330ohms 1% 100ppm,100,"0,268 €","26,80 €"
51,660-MF1/4DCT52R1001F,MF1/4DCT52R1001F,KOA Speer,Metal Film Resistors - Through Hole 1Kohms 1% 100PPM,100,"0,039 €","3,90 €"
52,763-0440AZ-FL-YBW,NHD-0440AZ-FL-YBW,Newhaven Display,LCD Character Display Modules & Accessories STN- Y/G Transfl 190.0 x 54.0,2,"21,63 €","43,26 €"
53,595-SN74LS14N,SN74LS14N,Texas Instruments,Inverters Hex Schmitt-Trigger,10,"0,518 €","5,18 €"
